<?xml version="1.0" encoding="UTF-8" standalone="yes"?>
<!-- 
  *******************************************************************
  * IMPORTANT: This addon ID is different from the previous version. *
  * You may need to uninstall the old addon first.                   *
  *******************************************************************
-->
<addon id="plugin.video.greekstreams" name="GreekStreams" version="1.0.1" provider-name="GreekStreams Dev"> <!-- New ID, Name, Provider, Version -->
  <requires>
    <import addon="xbmc.python" version="3.0.0"/>
    <import addon="script.module.requests"/>
    <import addon="script.module.beautifulsoup4"/>
    <import addon="inputstream.adaptive" optional="true"/>
  </requires>
  <extension point="xbmc.python.pluginsource" library="addon.py">
    <provides>video</provides>
  </extension>
  <extension point="xbmc.addon.metadata">
    <!-- Generic Summary/Description -->
    <summary lang="en_gb">Play Live Event Streams</summary>
    <description lang="en_gb">Provides access to various live video streams when available.</description>

    <!-- English Disclaimer -->
    <disclaimer lang="en_gb">Content is sourced from third-party websites. Availability, legality, and quality are not guaranteed by the addon developer.</disclaimer>
    <!-- Greek Disclaimer -->
    <disclaimer lang="el">Αποποίηση Ευθύνης: Το περιεχόμενο προέρχεται από ελεύθερες πηγές στο διαδίκτυο. Δεν φέρουμε ευθύνη για αυτό.</disclaimer>

    <platform>all</platform>
    <license>GNU GPL v3</license>
    <!-- No Website Tag -->
    <assets>
      <icon>icon.png</icon> <!-- Ensure icon.png exists -->
      <fanart>fanart.jpg</fanart> <!-- Ensure fanart.jpg exists -->
    </assets>
  </extension>
</addon>