<addon id="repository.greekstreams" name="GreekStreams Repo" version="1.0.0" provider-name="YourName">
    <extension point="xbmc.addon.repository"
               name="GreekStreams Repo"
               version="1.0.0"
               checksum="https://greekstreams.github.io/greekstreams-repo/addons.xml.md5"
               datadir="https://greekstreams.github.io/greekstreams-repo/"
               datadir zip="true" />
    <extension point="xbmc.addon.metadata">
        <summary lang="en">GreekStreams Addon Repository</summary>
        <description lang="en">Install GreekStreams and get updates automatically.</description>
        <platform>all</platform>
    </extension>
</addon>
